"First Name","Last Name",Sex,Country,No,Date,Year,"Write by Cyrus"
Dulce,Abril,Female,"United States",32,15/10/2017,1562,"Write by Cyrus"
Mara,Hashimoto,Female,"Great Britain",25,16/08/2016,1582,"Write by Cyrus"
Philip,Gent,Male,France,36,21/05/2015,2587,"Write by Cyrus"
Kathleen,Hanner,Female,"United States",25,15/10/2017,3549,"Write by Cyrus"
Nereida,Magwood,Female,"United States",58,16/08/2016,2468,"Write by Cyrus"
Gaston,Brumm,Male,"United States",24,21/05/2015,2554,"Write by Cyrus"
Etta,Hurn,Female,"Great Britain",56,15/10/2017,3598,"Write by Cyrus"
Earlean,Melgar,Female,"United States",27,16/08/2016,2456,"Write by Cyrus"
Vincenza,Weiland,Female,"United States",40,21/05/2015,6548,"Write by Cyrus"
Fallon,Winward,Female,"Great Britain",28,16/08/2016,5486,"Write by Cyrus"
Arcelia,Bouska,Female,"Great Britain",39,21/05/2015,1258,"Write by Cyrus"
Franklyn,Unknow,Male,France,38,15/10/2017,2579,"Write by Cyrus"
Sherron,Ascencio,Female,"Great Britain",32,16/08/2016,3256,"Write by Cyrus"
Marcel,Zabriskie,Male,"Great Britain",26,21/05/2015,2587,"Write by Cyrus"
Kina,Hazelton,Female,"Great Britain",31,16/08/2016,3259,"Write by Cyrus"
Shavonne,Pia,Female,France,24,21/05/2015,1546,"Write by Cyrus"
Shavon,Benito,Female,France,39,15/10/2017,3579,"Write by Cyrus"
Lauralee,Perrine,Female,"Great Britain",28,16/08/2016,6597,"Write by Cyrus"
Loreta,Curren,Female,France,26,21/05/2015,9654,"Write by Cyrus"
Teresa,Strawn,Female,France,46,21/05/2015,3569,"Write by Cyrus"
Belinda,Partain,Female,"United States",37,15/10/2017,2564,"Write by Cyrus"
Holly,Eudy,Female,"United States",52,16/08/2016,8561,"Write by Cyrus"
Many,Cuccia,Female,"Great Britain",46,21/05/2015,5489,"Write by Cyrus"
Libbie,Dalby,Female,France,42,21/05/2015,5489,"Write by Cyrus"
Lester,Prothro,Male,France,21,15/10/2017,6574,"Write by Cyrus"
Marvel,Hail,Female,"Great Britain",28,16/08/2016,5555,"Write by Cyrus"
Angelyn,Vong,Female,"United States",29,21/05/2015,6125,"Write by Cyrus"
Francesca,Beaudreau,Female,France,23,15/10/2017,5412,"Write by Cyrus"
Garth,Gangi,Male,"United States",41,16/08/2016,3256,"Write by Cyrus"
Carla,Trumbull,Female,"Great Britain",28,21/05/2015,3264,"Write by Cyrus"
Veta,Muntz,Female,"Great Britain",37,15/10/2017,4569,"Write by Cyrus"
Stasia,Becker,Female,"Great Britain",34,16/08/2016,7521,"Write by Cyrus"
Jona,Grindle,Female,"Great Britain",26,21/05/2015,6458,"Write by Cyrus"
Judie,Claywell,Female,France,35,16/08/2016,7569,"Write by Cyrus"
Dewitt,Borger,Male,"United States",36,21/05/2015,8514,"Write by Cyrus"
Nena,Hacker,Female,"United States",29,15/10/2017,8563,"Write by Cyrus"
Kelsie,Wachtel,Female,France,27,16/08/2016,8642,"Write by Cyrus"
Sau,Pfau,Female,"United States",25,21/05/2015,9536,"Write by Cyrus"
Shanice,Mccrystal,Female,"United States",36,21/05/2015,2567,"Write by Cyrus"
Chase,Karner,Male,"United States",37,15/10/2017,2154,"Write by Cyrus"
Tommie,Underdahl,Male,"United States",26,16/08/2016,3265,"Write by Cyrus"
Dorcas,Darity,Female,"United States",37,21/05/2015,8765,"Write by Cyrus"
Angel,Sanor,Male,France,24,15/10/2017,3259,"Write by Cyrus"
Willodean,Harn,Female,"United States",39,16/08/2016,3567,"Write by Cyrus"
Weston,Martina,Male,"United States",26,21/05/2015,6540,"Write by Cyrus"
Roma,Lafollette,Female,"United States",34,15/10/2017,2654,"Write by Cyrus"
Felisa,Cail,Female,"United States",28,16/08/2016,6525,"Write by Cyrus"
Demetria,Abbey,Female,"United States",32,21/05/2015,3265,"Write by Cyrus"
Jeromy,Danz,Male,"United States",39,15/10/2017,3265,"Write by Cyrus"
Rasheeda,Alkire,Female,"United States",29,16/08/2016,6125,"Write by Cyrus"
Dulce,Abril,Female,"United States",32,15/10/2017,1562,"Write by Cyrus"
Mara,Hashimoto,Female,"Great Britain",25,16/08/2016,1582,"Write by Cyrus"
Philip,Gent,Male,France,36,21/05/2015,2587,"Write by Cyrus"
Kathleen,Hanner,Female,"United States",25,15/10/2017,3549,"Write by Cyrus"
Nereida,Magwood,Female,"United States",58,16/08/2016,2468,"Write by Cyrus"
Gaston,Brumm,Male,"United States",24,21/05/2015,2554,"Write by Cyrus"
Etta,Hurn,Female,"Great Britain",56,15/10/2017,3598,"Write by Cyrus"
Earlean,Melgar,Female,"United States",27,16/08/2016,2456,"Write by Cyrus"
Vincenza,Weiland,Female,"United States",40,21/05/2015,6548,"Write by Cyrus"
Fallon,Winward,Female,"Great Britain",28,16/08/2016,5486,"Write by Cyrus"
Arcelia,Bouska,Female,"Great Britain",39,21/05/2015,1258,"Write by Cyrus"
Franklyn,Unknow,Male,France,38,15/10/2017,2579,"Write by Cyrus"
Sherron,Ascencio,Female,"Great Britain",32,16/08/2016,3256,"Write by Cyrus"
Marcel,Zabriskie,Male,"Great Britain",26,21/05/2015,2587,"Write by Cyrus"
Kina,Hazelton,Female,"Great Britain",31,16/08/2016,3259,"Write by Cyrus"
Shavonne,Pia,Female,France,24,21/05/2015,1546,"Write by Cyrus"
Shavon,Benito,Female,France,39,15/10/2017,3579,"Write by Cyrus"
Lauralee,Perrine,Female,"Great Britain",28,16/08/2016,6597,"Write by Cyrus"
Loreta,Curren,Female,France,26,21/05/2015,9654,"Write by Cyrus"
Teresa,Strawn,Female,France,46,21/05/2015,3569,"Write by Cyrus"
Belinda,Partain,Female,"United States",37,15/10/2017,2564,"Write by Cyrus"
Holly,Eudy,Female,"United States",52,16/08/2016,8561,"Write by Cyrus"
Many,Cuccia,Female,"Great Britain",46,21/05/2015,5489,"Write by Cyrus"
Libbie,Dalby,Female,France,42,21/05/2015,5489,"Write by Cyrus"
Lester,Prothro,Male,France,21,15/10/2017,6574,"Write by Cyrus"
Marvel,Hail,Female,"Great Britain",28,16/08/2016,5555,"Write by Cyrus"
Angelyn,Vong,Female,"United States",29,21/05/2015,6125,"Write by Cyrus"
Francesca,Beaudreau,Female,France,23,15/10/2017,5412,"Write by Cyrus"
Garth,Gangi,Male,"United States",41,16/08/2016,3256,"Write by Cyrus"
Carla,Trumbull,Female,"Great Britain",28,21/05/2015,3264,"Write by Cyrus"
Veta,Muntz,Female,"Great Britain",37,15/10/2017,4569,"Write by Cyrus"
Stasia,Becker,Female,"Great Britain",34,16/08/2016,7521,"Write by Cyrus"
Jona,Grindle,Female,"Great Britain",26,21/05/2015,6458,"Write by Cyrus"
Judie,Claywell,Female,France,35,16/08/2016,7569,"Write by Cyrus"
Dewitt,Borger,Male,"United States",36,21/05/2015,8514,"Write by Cyrus"
Nena,Hacker,Female,"United States",29,15/10/2017,8563,"Write by Cyrus"
Kelsie,Wachtel,Female,France,27,16/08/2016,8642,"Write by Cyrus"
Sau,Pfau,Female,"United States",25,21/05/2015,9536,"Write by Cyrus"
Shanice,Mccrystal,Female,"United States",36,21/05/2015,2567,"Write by Cyrus"
Chase,Karner,Male,"United States",37,15/10/2017,2154,"Write by Cyrus"
Tommie,Underdahl,Male,"United States",26,16/08/2016,3265,"Write by Cyrus"
Dorcas,Darity,Female,"United States",37,21/05/2015,8765,"Write by Cyrus"
Angel,Sanor,Male,France,24,15/10/2017,3259,"Write by Cyrus"
Willodean,Harn,Female,"United States",39,16/08/2016,3567,"Write by Cyrus"
Weston,Martina,Male,"United States",26,21/05/2015,6540,"Write by Cyrus"
Roma,Lafollette,Female,"United States",34,15/10/2017,2654,"Write by Cyrus"
Felisa,Cail,Female,"United States",28,16/08/2016,6525,"Write by Cyrus"
Demetria,Abbey,Female,"United States",32,21/05/2015,3265,"Write by Cyrus"
Jeromy,Danz,Male,"United States",39,15/10/2017,3265,"Write by Cyrus"
Rasheeda,Alkire,Female,"United States",29,16/08/2016,6125,"Write by Cyrus"
